{
  "model": "SearchingMan/FLUX.1-dev-ConvRot",
  "weight": "FLUX.1-dev-int8_convrot.safetensors",
  "packing": "INT8 ConvRot (not a new base)",
  "steps": 20,
  "width": 1024,
  "height": 1024,
  "latencies_s": [
    4.0114689079999835,
    4.011793057999995,
    4.406582073999999,
    4.00862998300002
  ],
  "mean_latency_s": 4.109618505749999,
  "images_per_s": 0.24333158871093352
}