{
  "engine": "transformers",
  "max_concurrency": 1,
  "output_throughput": 52.21971967874254,
  "median_ttft_ms": 1228.2063647000314,
  "mean_ttft_ms": 1228.2063647000314,
  "mean_tpot_ms": 19.14985385122772,
  "note": "single-stream transformers; arch not in vLLM"
}